URL,Version,Status,OIDs,Name,Title,Descriptino,Uses,Used,Sources
https://dhis2.org/ValueSet/caretaker-vs,0.1.0,draft,,CaretakerVS,Caretaker,"This value set contains concepts corresponding to the options in the 'Caretaker' option set.",,"Internal"
https://dhis2.org/ValueSet/citizenship-vs,0.1.0,draft,,CitizenshipVS,Citizenship,"This value set contains concepts corresponding to the options in the 'Citizenship' option set.",,"Internal"
https://dhis2.org/ValueSet/district-vs,0.1.0,draft,,DistrictVS,CR_District,"This value set contains concepts corresponding to the options in the 'CR_District' option set.",,"Internal"
https://dhis2.org/ValueSet/education-level-vs,0.1.0,draft,,EducationLevelVS,Education Level,"This value set contains concepts corresponding to the options in the 'Mcch_Education level Mat Death' option set.",,"Internal"
https://dhis2.org/ValueSet/gender-vs,0.1.0,draft,,GenderVS,Gender,"This value set contains concepts corresponding to the options in the 'Gender' option set.",,"Internal"
https://dhis2.org/ValueSet/province-vs,0.1.0,draft,,ProvinceVS,Province,"This value set contains concepts corresponding to the options in the 'Province' option set. The option sets 'Mcch_Provinces' and 'TR_Provinces' can also be mapped to this value set.",,"Internal"
https://dhis2.org/ValueSet/social-category-vs,0.1.0,draft,,SocialCategoryVS,Social Category,"This value set contains concepts corresponding to the options in the 'Social Category' option set.",,"Internal"
