<?xml version="1.0" encoding="UTF-8"?>

<CodeSystem xmlns="http://hl7.org/fhir">
  <id value="caretaker-cs"/>
  <text>
    <status value="generated"/><div xmlns="http://www.w3.org/1999/xhtml"><p>This  code system <code>https://dhis2.org/CodeSystem/caretaker-cs</code> defines the following codes:</p><table class="codes"><tr><td style="white-space:nowrap"><b>Code</b></td></tr><tr><td style="white-space:nowrap">Parents<a name="caretaker-cs-Parents"> </a></td></tr><tr><td style="white-space:nowrap">Caretaker<a name="caretaker-cs-Caretaker"> </a></td></tr></table></div>
  </text>
  <url value="https://dhis2.org/CodeSystem/caretaker-cs"/>
  <version value="0.1.0"/>
  <name value="CaretakerCS"/>
  <title value="Caretaker"/>
  <status value="draft"/>
  <date value="2024-06-24T11:41:15+00:00"/>
  <publisher value="DHIS2"/>
  <contact>
    <name value="DHIS2"/>
    <telecom>
      <system value="url"/>
      <value value="https://dhis2.org"/>
    </telecom>
  </contact>
  <description value="This code system contains concepts corresponding to the options in the 'Caretaker' option set."/>
  <content value="complete"/>
  <count value="2"/>
  <concept>
    <code value="Parents"/>
    <display value="Parents"/>
  </concept>
  <concept>
    <code value="Caretaker"/>
    <display value="Caretaker"/>
  </concept>
</CodeSystem>