<?xml version="1.0" encoding="UTF-8"?>

<CodeSystem xmlns="http://hl7.org/fhir">
  <id value="gender-cs"/>
  <text>
    <status value="generated"/><div xmlns="http://www.w3.org/1999/xhtml"><p>This  code system <code>https://dhis2.org/CodeSystem/gender-cs</code> defines the following codes:</p><table class="codes"><tr><td style="white-space:nowrap"><b>Code</b></td><td><b>Display</b></td></tr><tr><td style="white-space:nowrap">M<a name="gender-cs-M"> </a></td><td>Male</td></tr><tr><td style="white-space:nowrap">F<a name="gender-cs-F"> </a></td><td>Female</td></tr></table></div>
  </text>
  <url value="https://dhis2.org/CodeSystem/gender-cs"/>
  <version value="0.1.0"/>
  <name value="GenderCS"/>
  <title value="Gender"/>
  <status value="draft"/>
  <date value="2024-06-24T11:41:15+00:00"/>
  <publisher value="DHIS2"/>
  <contact>
    <name value="DHIS2"/>
    <telecom>
      <system value="url"/>
      <value value="https://dhis2.org"/>
    </telecom>
  </contact>
  <description value="This code system contains concepts corresponding to the options in the 'Gender' option set."/>
  <content value="complete"/>
  <count value="2"/>
  <concept>
    <code value="M"/>
    <display value="Male"/>
  </concept>
  <concept>
    <code value="F"/>
    <display value="Female"/>
  </concept>
</CodeSystem>