<?xml version="1.0" encoding="UTF-8"?><CodeSystem xmlns="http://hl7.org/fhir"><id value="province-cs"/><text><status value="generated"/><div xmlns="http://www.w3.org/1999/xhtml"><p>This  code system <code>https://dhis2.org/CodeSystem/province-cs</code> defines the following codes:</p><table class="codes"><tr><td style="white-space:nowrap"><b>Code</b></td><td><b>Display</b></td></tr><tr><td style="white-space:nowrap">10_East<a name="province-cs-10_East"> </a></td><td>East</td></tr><tr><td style="white-space:nowrap">20_Kigali_City<a name="province-cs-20_Kigali_City"> </a></td><td>Kigali City</td></tr><tr><td style="white-space:nowrap">30_North<a name="province-cs-30_North"> </a></td><td>North</td></tr><tr><td style="white-space:nowrap">40_South<a name="province-cs-40_South"> </a></td><td>South</td></tr><tr><td style="white-space:nowrap">50_West<a name="province-cs-50_West"> </a></td><td>West</td></tr></table></div></text><url value="https://dhis2.org/CodeSystem/province-cs"/><version value="0.1.0"/><name value="ProvinceCS"/><title value="Province"/><status value="draft"/><date value="2024-06-24T11:41:15+00:00"/><publisher value="DHIS2"/><contact><name value="DHIS2"/><telecom><system value="url"/><value value="https://dhis2.org"/></telecom></contact><description value="This code system contains concepts corresponding to the options in the 'Province' option set. The option sets 'Mcch_Provinces' and 'TR_Provinces' can also be mapped to this code system."/><content value="complete"/><count value="5"/><concept><code value="10_East"/><display value="East"/></concept><concept><code value="20_Kigali_City"/><display value="Kigali City"/></concept><concept><code value="30_North"/><display value="North"/></concept><concept><code value="40_South"/><display value="South"/></concept><concept><code value="50_West"/><display value="West"/></concept></CodeSystem>