<?xml version="1.0" encoding="UTF-8"?><ValueSet xmlns="http://hl7.org/fhir"><id value="province-vs"/><text><status value="generated"/><div xmlns="http://www.w3.org/1999/xhtml"><ul><li>Include all codes defined in <a href="CodeSystem-province-cs.html"><code>https://dhis2.org/CodeSystem/province-cs</code></a></li></ul></div></text><url value="https://dhis2.org/ValueSet/province-vs"/><version value="0.1.0"/><name value="ProvinceVS"/><title value="Province"/><status value="draft"/><date value="2024-06-24T11:41:15+00:00"/><publisher value="DHIS2"/><contact><name value="DHIS2"/><telecom><system value="url"/><value value="https://dhis2.org"/></telecom></contact><description value="This value set contains concepts corresponding to the options in the 'Province' option set. The option sets 'Mcch_Provinces' and 'TR_Provinces' can also be mapped to this value set."/><compose><include><system value="https://dhis2.org/CodeSystem/province-cs"/></include></compose></ValueSet>