<?xml version="1.0" encoding="UTF-8"?><ValueSet xmlns="http://hl7.org/fhir"><id value="social-category-vs"/><text><status value="generated"/><div xmlns="http://www.w3.org/1999/xhtml"><ul><li>Include all codes defined in <a href="CodeSystem-social-category-cs.html"><code>https://dhis2.org/CodeSystem/social-category-cs</code></a></li></ul></div></text><url value="https://dhis2.org/ValueSet/social-category-vs"/><version value="0.1.0"/><name value="SocialCategoryVS"/><title value="Social Category"/><status value="draft"/><date value="2024-06-24T11:41:15+00:00"/><publisher value="DHIS2"/><contact><name value="DHIS2"/><telecom><system value="url"/><value value="https://dhis2.org"/></telecom></contact><description value="This value set contains concepts corresponding to the options in the 'Social Category' option set."/><compose><include><system value="https://dhis2.org/CodeSystem/social-category-cs"/></include></compose></ValueSet>