{
  "resourceType" : "CodeSystem",
  "id" : "citizenship-cs",
  "text" : {
    "status" : "generated",
    "div" : "<div xmlns=\"http://www.w3.org/1999/xhtml\"><p>This  code system <code>https://dhis2.org/CodeSystem/citizenship-cs</code> defines the following codes:</p><table class=\"codes\"><tr><td style=\"white-space:nowrap\"><b>Code</b></td><td><b>Display</b></td></tr><tr><td style=\"white-space:nowrap\">Rwandan<a name=\"citizenship-cs-Rwandan\"> </a></td><td>Rwandan</td></tr><tr><td style=\"white-space:nowrap\">Non_Rwandan<a name=\"citizenship-cs-Non_Rwandan\"> </a></td><td>Non Rwandan</td></tr></table></div>"
  },
  "url" : "https://dhis2.org/CodeSystem/citizenship-cs",
  "version" : "0.1.0",
  "name" : "CitizenshipCS",
  "title" : "Citizenship",
  "status" : "draft",
  "date" : "2024-06-24T11:41:15+00:00",
  "publisher" : "DHIS2",
  "contact" : [{
    "name" : "DHIS2",
    "telecom" : [{
      "system" : "url",
      "value" : "https://dhis2.org"
    }]
  }],
  "description" : "This code system contains concepts corresponding to the options in the 'Citizenship' option set.",
  "content" : "complete",
  "count" : 2,
  "concept" : [{
    "code" : "Rwandan",
    "display" : "Rwandan"
  },
  {
    "code" : "Non_Rwandan",
    "display" : "Non Rwandan"
  }]
}