{
  "resourceType" : "CodeSystem",
  "id" : "social-category-cs",
  "text" : {
    "status" : "generated",
    "div" : "<div xmlns=\"http://www.w3.org/1999/xhtml\"><p>This  code system <code>https://dhis2.org/CodeSystem/social-category-cs</code> defines the following codes:</p><table class=\"codes\"><tr><td style=\"white-space:nowrap\"><b>Code</b></td><td><b>Display</b></td></tr><tr><td style=\"white-space:nowrap\">Cat_1<a name=\"social-category-cs-Cat_1\"> </a></td><td>Cat 1</td></tr><tr><td style=\"white-space:nowrap\">Cat_2<a name=\"social-category-cs-Cat_2\"> </a></td><td>Cat 2</td></tr><tr><td style=\"white-space:nowrap\">Cat_3<a name=\"social-category-cs-Cat_3\"> </a></td><td>Cat 3</td></tr><tr><td style=\"white-space:nowrap\">Cat_4<a name=\"social-category-cs-Cat_4\"> </a></td><td>Cat 4</td></tr></table></div>"
  },
  "url" : "https://dhis2.org/CodeSystem/social-category-cs",
  "version" : "0.1.0",
  "name" : "SocialCategoryCS",
  "title" : "Social Category",
  "status" : "draft",
  "date" : "2024-06-24T11:41:15+00:00",
  "publisher" : "DHIS2",
  "contact" : [{
    "name" : "DHIS2",
    "telecom" : [{
      "system" : "url",
      "value" : "https://dhis2.org"
    }]
  }],
  "description" : "This code system contains concepts corresponding to the options in the 'Social Category' option set.",
  "content" : "complete",
  "count" : 4,
  "concept" : [{
    "code" : "Cat_1",
    "display" : "Cat 1"
  },
  {
    "code" : "Cat_2",
    "display" : "Cat 2"
  },
  {
    "code" : "Cat_3",
    "display" : "Cat 3"
  },
  {
    "code" : "Cat_4",
    "display" : "Cat 4"
  }]
}