"Id","Path","Slice Name","Alias(s)","Label","Min","Max","Must Support?","Is Modifier?","Is Summary?","Type(s)","Short","Definition","Comments","Requirements","Default Value","Meaning When Missing","Fixed Value","Pattern","Example","Minimum Value","Maximum Value","Maximum Length","Binding Strength","Binding Description","Binding Value Set","Code","Slicing Discriminator","Slicing Description","Slicing Ordered","Slicing Rules","Base Path","Base Min","Base Max","Condition(s)","Constraint(s)"
"AmbulanceActivityReport","AmbulanceActivityReport","","","",0,*,"","","","null {[]} {[]}
","Ambulance Activity Report","Attributes for the 'Ambulance Activity Report' tracker program.","","","","","","","","","",,,,,"",,,,"Base",0,*,"",""
"AmbulanceActivityReport.ambulanceBrand","AmbulanceActivityReport.ambulanceBrand","","","",1,1,"","","","code {[]} {[]}
","Ambulance Brand","Ambulance Brand","","","","","","","","","",,,,,"https://dhis2.org/CodeSystem/DHIS2Attributes#jCsa67YikZE
",,,,"AmbulanceActivityReport.ambulanceBrand",1,1,"",""
"AmbulanceActivityReport.plateNumber","AmbulanceActivityReport.plateNumber","","","",1,1,"","","","string {[]} {[]}
","Plate Number","Plate Number","","","","","","","","","",,,,,"https://dhis2.org/CodeSystem/DHIS2Attributes#GUd2L4V5Qu5
",,,,"AmbulanceActivityReport.plateNumber",1,1,"",""
"AmbulanceActivityReport.yearOfFabrication","AmbulanceActivityReport.yearOfFabrication","","","",1,1,"","","","string {[]} {[]}
","Year of fabrication","Year of fabrication","","","","","","","","","",,,,,"https://dhis2.org/CodeSystem/DHIS2Attributes#OPh3UFCaht4
",,,,"AmbulanceActivityReport.yearOfFabrication",1,1,"",""
"AmbulanceActivityReport.engineNumber","AmbulanceActivityReport.engineNumber","","","",1,1,"","","","string {[]} {[]}
","Engine number (use capital letter)","Engine number (use capital letter)","","","","","","","","","",,,,,"https://dhis2.org/CodeSystem/DHIS2Attributes#GiTHeVlmcAK
",,,,"AmbulanceActivityReport.engineNumber",1,1,"","capital-only:Only capital letters allowed. {$this.matches('[A-Z-.]*')}
"
"AmbulanceActivityReport.ambulanceAccountNumber","AmbulanceActivityReport.ambulanceAccountNumber","","","",1,1,"","","","string {[]} {[]}
","Ambulance account number","Ambulance account number","","","","","","","","","",,,,,"https://dhis2.org/CodeSystem/DHIS2Attributes#BEyqBJ1NOca
",,,,"AmbulanceActivityReport.ambulanceAccountNumber",1,1,"",""
"AmbulanceActivityReport.chassisNumber","AmbulanceActivityReport.chassisNumber","","","",0,1,"","","","string {[]} {[]}
","Chassis number (use capital letter)","Chassis number (use capital letter)","","","","","","","","","",,,,,"https://dhis2.org/CodeSystem/DHIS2Attributes#krUV06sbefj
",,,,"AmbulanceActivityReport.chassisNumber",0,1,"","capital-only:Only capital letters allowed. {$this.matches('[A-Z-.]*')}
"
"AmbulanceActivityReport.bankName","AmbulanceActivityReport.bankName","","","",0,1,"","","","code {[]} {[]}
","Bank name","Bank name","","","","","","","","","",,,,,"https://dhis2.org/CodeSystem/DHIS2Attributes#bnuOdOujH9r
",,,,"AmbulanceActivityReport.bankName",0,1,"",""
"AmbulanceActivityReport.ambulancePurchaser","AmbulanceActivityReport.ambulancePurchaser","","","",1,1,"","","","code {[]} {[]}
","Ambulance purchaser","Ambulance purchaser","","","","","","","","","",,,,,"https://dhis2.org/CodeSystem/DHIS2Attributes#MYKEpLGgVlX
",,,,"AmbulanceActivityReport.ambulancePurchaser",1,1,"",""
