{
  "codeSystems" : [
    {
      "url" : "http://hl7.org/fhir/ValueSet/administrative-gender",
      "version" : "4.0.1",
      "status" : "active",
      "name" : "AdministrativeGender",
      "title" : "AdministrativeGender",
      "description" : "The gender of a person used for administrative purposes.",
      "systems" : ["http://hl7.org/fhir/administrative-gender"],
      "oids" : ["2.16.840.1.113883.4.642.3.1"],
      "sources" : ["2.16.840.1.113883.4.642.3.1"],
      "uses" : {
      },
      "StructureDefinition-MyPatient.html" : "MyPatient"
    },
    {
      "url" : "http://hl7.org/fhir/ValueSet/languages",
      "version" : "4.0.1",
      "status" : "draft",
      "name" : "CommonLanguages",
      "title" : "Common Languages",
      "description" : "This value set includes common codes from BCP-47 (http://tools.ietf.org/html/bcp47)",
      "systems" : ["urn:ietf:bcp:47"],
      "oids" : ["2.16.840.1.113883.4.642.3.20"],
      "sources" : ["2.16.840.1.113883.4.642.3.20"],
      "uses" : {
      },
      "StructureDefinition-MyPatient.html" : "MyPatient"
    },
    {
      "url" : "http://hl7.org/fhir/ValueSet/link-type",
      "version" : "4.0.1",
      "status" : "active",
      "name" : "LinkType",
      "title" : "LinkType",
      "description" : "The type of link between this patient resource and another patient resource.",
      "systems" : ["http://hl7.org/fhir/link-type"],
      "oids" : ["2.16.840.1.113883.4.642.3.423"],
      "sources" : ["2.16.840.1.113883.4.642.3.423"],
      "uses" : {
      },
      "StructureDefinition-MyPatient.html" : "MyPatient"
    },
    {
      "url" : "http://hl7.org/fhir/ValueSet/marital-status",
      "version" : "4.0.1",
      "status" : "active",
      "name" : "Marital Status Codes",
      "title" : "MaritalStatus",
      "description" : "This value set defines the set of codes that can be used to indicate the marital status of a person.",
      "systems" : [
        "http://terminology.hl7.org/CodeSystem/v3-MaritalStatus",
        "http://terminology.hl7.org/CodeSystem/v3-NullFlavor"
      ],
      "oids" : ["2.16.840.1.113883.4.642.3.29"],
      "sources" : ["2.16.840.1.113883.4.642.3.29"],
      "uses" : {
      },
      "StructureDefinition-MyPatient.html" : "MyPatient"
    },
    {
      "url" : "http://hl7.org/fhir/ValueSet/patient-contactrelationship",
      "version" : "4.0.1",
      "status" : "active",
      "name" : "PatientContactRelationship",
      "title" : "Patient Contact Relationship ",
      "description" : "The nature of the relationship between the patient and the contact person.",
      "systems" : ["http://terminology.hl7.org/CodeSystem/v2-0131"],
      "oids" : ["2.16.840.1.113883.4.642.3.1130"],
      "sources" : ["2.16.840.1.113883.4.642.3.1130"],
      "uses" : {
      },
      "StructureDefinition-MyPatient.html" : "MyPatient"
    },
    {
      "url" : "https://dhis2.org/ValueSet/caretaker-vs",
      "version" : "0.1.0",
      "status" : "draft",
      "name" : "CaretakerVS",
      "title" : "Caretaker",
      "description" : "This value set contains concepts corresponding to the options in the 'Caretaker' option set.",
      "systems" : ["https://dhis2.org/CodeSystem/caretaker-cs"],
      "uses" : {
      },
      "StructureDefinition-BirthRegistration.html" : "Birth Registration",
      "StructureDefinition-Immunization.html" : "Immunization"
    },
    {
      "url" : "https://dhis2.org/ValueSet/citizenship-vs",
      "version" : "0.1.0",
      "status" : "draft",
      "name" : "CitizenshipVS",
      "title" : "Citizenship",
      "description" : "This value set contains concepts corresponding to the options in the 'Citizenship' option set.",
      "systems" : ["https://dhis2.org/CodeSystem/citizenship-cs"],
      "uses" : {
      },
      "StructureDefinition-BirthRegistration.html" : "Birth Registration",
      "StructureDefinition-Immunization.html" : "Immunization"
    },
    {
      "url" : "https://dhis2.org/ValueSet/district-vs",
      "version" : "0.1.0",
      "status" : "draft",
      "name" : "DistrictVS",
      "title" : "CR_District",
      "description" : "This value set contains concepts corresponding to the options in the 'CR_District' option set.",
      "systems" : ["https://dhis2.org/CodeSystem/district-cs"],
      "uses" : {
      },
      "StructureDefinition-BirthRegistration.html" : "Birth Registration",
      "StructureDefinition-Immunization.html" : "Immunization"
    },
    {
      "url" : "https://dhis2.org/ValueSet/education-level-vs",
      "version" : "0.1.0",
      "status" : "draft",
      "name" : "EducationLevelVS",
      "title" : "Education Level",
      "description" : "This value set contains concepts corresponding to the options in the 'Mcch_Education level Mat Death' option set.",
      "systems" : ["https://dhis2.org/CodeSystem/education-level-cs"],
      "uses" : {
      },
      "StructureDefinition-BirthRegistration.html" : "Birth Registration",
      "StructureDefinition-Immunization.html" : "Immunization"
    },
    {
      "url" : "https://dhis2.org/ValueSet/gender-vs",
      "version" : "0.1.0",
      "status" : "draft",
      "name" : "GenderVS",
      "title" : "Gender",
      "description" : "This value set contains concepts corresponding to the options in the 'Gender' option set.",
      "systems" : ["https://dhis2.org/CodeSystem/gender-cs"],
      "uses" : {
      },
      "StructureDefinition-BirthRegistration.html" : "Birth Registration",
      "StructureDefinition-Immunization.html" : "Immunization"
    },
    {
      "url" : "https://dhis2.org/ValueSet/province-vs",
      "version" : "0.1.0",
      "status" : "draft",
      "name" : "ProvinceVS",
      "title" : "Province",
      "description" : "This value set contains concepts corresponding to the options in the 'Province' option set. The option sets 'Mcch_Provinces' and 'TR_Provinces' can also be mapped to this value set.",
      "systems" : ["https://dhis2.org/CodeSystem/province-cs"],
      "uses" : {
      },
      "StructureDefinition-BirthRegistration.html" : "Birth Registration",
      "StructureDefinition-Immunization.html" : "Immunization"
    },
    {
      "url" : "https://dhis2.org/ValueSet/social-category-vs",
      "version" : "0.1.0",
      "status" : "draft",
      "name" : "SocialCategoryVS",
      "title" : "Social Category",
      "description" : "This value set contains concepts corresponding to the options in the 'Social Category' option set.",
      "systems" : ["https://dhis2.org/CodeSystem/social-category-cs"],
      "uses" : {
      },
      "StructureDefinition-BirthRegistration.html" : "Birth Registration",
      "StructureDefinition-Immunization.html" : "Immunization"
    }
  ]
}
