{"resourceType":"CodeSystem","id":"province-cs","text":{"status":"generated","div":"<div xmlns=\"http://www.w3.org/1999/xhtml\"><p>This  code system <code>https://dhis2.org/CodeSystem/province-cs</code> defines the following codes:</p><table class=\"codes\"><tr><td style=\"white-space:nowrap\"><b>Code</b></td><td><b>Display</b></td></tr><tr><td style=\"white-space:nowrap\">10_East<a name=\"province-cs-10_East\"> </a></td><td>East</td></tr><tr><td style=\"white-space:nowrap\">20_Kigali_City<a name=\"province-cs-20_Kigali_City\"> </a></td><td>Kigali City</td></tr><tr><td style=\"white-space:nowrap\">30_North<a name=\"province-cs-30_North\"> </a></td><td>North</td></tr><tr><td style=\"white-space:nowrap\">40_South<a name=\"province-cs-40_South\"> </a></td><td>South</td></tr><tr><td style=\"white-space:nowrap\">50_West<a name=\"province-cs-50_West\"> </a></td><td>West</td></tr></table></div>"},"url":"https://dhis2.org/CodeSystem/province-cs","version":"0.1.0","name":"ProvinceCS","title":"Province","status":"draft","date":"2024-06-24T11:41:15+00:00","publisher":"DHIS2","contact":[{"name":"DHIS2","telecom":[{"system":"url","value":"https://dhis2.org"}]}],"description":"This code system contains concepts corresponding to the options in the 'Province' option set. The option sets 'Mcch_Provinces' and 'TR_Provinces' can also be mapped to this code system.","content":"complete","count":5,"concept":[{"code":"10_East","display":"East"},{"code":"20_Kigali_City","display":"Kigali City"},{"code":"30_North","display":"North"},{"code":"40_South","display":"South"},{"code":"50_West","display":"West"}]}