{"resourceType":"CodeSystem","id":"education-level-cs","text":{"status":"generated","div":"<div xmlns=\"http://www.w3.org/1999/xhtml\"><p>This  code system <code>https://dhis2.org/CodeSystem/education-level-cs</code> defines the following codes:</p><table class=\"codes\"><tr><td style=\"white-space:nowrap\"><b>Code</b></td><td><b>Display</b></td></tr><tr><td style=\"white-space:nowrap\">unknown<a name=\"education-level-cs-unknown\"> </a></td><td>Unknown</td></tr><tr><td style=\"white-space:nowrap\">Primary<a name=\"education-level-cs-Primary\"> </a></td><td>Primary</td></tr><tr><td style=\"white-space:nowrap\">Secondary<a name=\"education-level-cs-Secondary\"> </a></td><td>Secondary</td></tr><tr><td style=\"white-space:nowrap\">Tertiary/University<a name=\"education-level-cs-Tertiary.47University\"> </a></td><td>Tertiary/University</td></tr><tr><td style=\"white-space:nowrap\">None<a name=\"education-level-cs-None\"> </a></td><td>None</td></tr></table></div>"},"url":"https://dhis2.org/CodeSystem/education-level-cs","version":"0.1.0","name":"EducationLevelCS","title":"Education Level","status":"draft","date":"2024-06-24T11:41:15+00:00","publisher":"DHIS2","contact":[{"name":"DHIS2","telecom":[{"system":"url","value":"https://dhis2.org"}]}],"description":"This code system contains concepts corresponding to the options in the 'Mcch_Education level Mat Death' option set.","content":"complete","count":5,"concept":[{"code":"unknown","display":"Unknown"},{"code":"Primary","display":"Primary"},{"code":"Secondary","display":"Secondary"},{"code":"Tertiary/University","display":"Tertiary/University"},{"code":"None","display":"None"}]}