{"resourceType":"CodeSystem","id":"gender-cs","text":{"status":"generated","div":"<div xmlns=\"http://www.w3.org/1999/xhtml\"><p>This  code system <code>https://dhis2.org/CodeSystem/gender-cs</code> defines the following codes:</p><table class=\"codes\"><tr><td style=\"white-space:nowrap\"><b>Code</b></td><td><b>Display</b></td></tr><tr><td style=\"white-space:nowrap\">M<a name=\"gender-cs-M\"> </a></td><td>Male</td></tr><tr><td style=\"white-space:nowrap\">F<a name=\"gender-cs-F\"> </a></td><td>Female</td></tr></table></div>"},"url":"https://dhis2.org/CodeSystem/gender-cs","version":"0.1.0","name":"GenderCS","title":"Gender","status":"draft","date":"2024-06-24T11:41:15+00:00","publisher":"DHIS2","contact":[{"name":"DHIS2","telecom":[{"system":"url","value":"https://dhis2.org"}]}],"description":"This code system contains concepts corresponding to the options in the 'Gender' option set.","content":"complete","count":2,"concept":[{"code":"M","display":"Male"},{"code":"F","display":"Female"}]}