{"resourceType":"CodeSystem","id":"caretaker-cs","text":{"status":"generated","div":"<div xmlns=\"http://www.w3.org/1999/xhtml\"><p>This  code system <code>https://dhis2.org/CodeSystem/caretaker-cs</code> defines the following codes:</p><table class=\"codes\"><tr><td style=\"white-space:nowrap\"><b>Code</b></td></tr><tr><td style=\"white-space:nowrap\">Parents<a name=\"caretaker-cs-Parents\"> </a></td></tr><tr><td style=\"white-space:nowrap\">Caretaker<a name=\"caretaker-cs-Caretaker\"> </a></td></tr></table></div>"},"url":"https://dhis2.org/CodeSystem/caretaker-cs","version":"0.1.0","name":"CaretakerCS","title":"Caretaker","status":"draft","date":"2024-06-24T11:41:15+00:00","publisher":"DHIS2","contact":[{"name":"DHIS2","telecom":[{"system":"url","value":"https://dhis2.org"}]}],"description":"This code system contains concepts corresponding to the options in the 'Caretaker' option set.","content":"complete","count":2,"concept":[{"code":"Parents","display":"Parents"},{"code":"Caretaker","display":"Caretaker"}]}