{"resourceType":"CodeSystem","id":"DHIS2Attributes","meta":{"profile":["http://hl7.org/fhir/uv/crmi/StructureDefinition/crmi-shareablecodesystem","http://hl7.org/fhir/uv/crmi/StructureDefinition/crmi-publishablecodesystem"]},"text":{"status":"generated","div":"<div xmlns=\"http://www.w3.org/1999/xhtml\"><p>This case-insensitive code system <code>https://dhis2.org/CodeSystem/DHIS2Attributes</code> defines the following codes:</p><table class=\"codes\"><tr><td style=\"white-space:nowrap\"><b>Code</b></td><td><b>Display</b></td><td><b>Definition</b></td></tr><tr><td style=\"white-space:nowrap\">NGeJP9rTUI3<a name=\"DHIS2Attributes-NGeJP9rTUI3\"> </a></td><td>Address (New)</td><td>Address (New)</td></tr><tr><td style=\"white-space:nowrap\">eRGolzpzbsV<a name=\"DHIS2Attributes-eRGolzpzbsV\"> </a></td><td>Afite Ibibari mu nkanka</td><td>Afite Ibibari mu nkanka</td></tr><tr><td style=\"white-space:nowrap\">WLP2idn6CPZ<a name=\"DHIS2Attributes-WLP2idn6CPZ\"> </a></td><td>Afite ikibari ku munwa</td><td>Afite ikibari ku munwa</td></tr><tr><td style=\"white-space:nowrap\">CEOwe5r8PFS<a name=\"DHIS2Attributes-CEOwe5r8PFS\"> </a></td><td>Age</td><td>Age</td></tr><tr><td style=\"white-space:nowrap\">J2c9TNIpHd0<a name=\"DHIS2Attributes-J2c9TNIpHd0\"> </a></td><td>Age_1</td><td>Age</td></tr><tr><td style=\"white-space:nowrap\">c6gUKezht7U<a name=\"DHIS2Attributes-c6gUKezht7U\"> </a></td><td>Akagari</td><td>Akagari</td></tr><tr><td style=\"white-space:nowrap\">jsHnkLgaLne<a name=\"DHIS2Attributes-jsHnkLgaLne\"> </a></td><td>Akarere</td><td>Akarere</td></tr><tr><td style=\"white-space:nowrap\">IWCa9RY9pqt<a name=\"DHIS2Attributes-IWCa9RY9pqt\"> </a></td><td>Amazina y umwana</td><td>Amazina y umwana</td></tr><tr><td style=\"white-space:nowrap\">VlP9V51JaYP<a name=\"DHIS2Attributes-VlP9V51JaYP\"> </a></td><td>Amazina ya Nyina</td><td>Amazina ya Nyina</td></tr><tr><td style=\"white-space:nowrap\">RP0jtvuebcN<a name=\"DHIS2Attributes-RP0jtvuebcN\"> </a></td><td>Amazina ya Se Cyangwa umurera</td><td>Amazina ya Se Cyangwa umurera</td></tr><tr><td style=\"white-space:nowrap\">BEyqBJ1NOca<a name=\"DHIS2Attributes-BEyqBJ1NOca\"> </a></td><td>Ambulance account number</td><td>Ambulance account number</td></tr><tr><td style=\"white-space:nowrap\">jCsa67YikZE<a name=\"DHIS2Attributes-jCsa67YikZE\"> </a></td><td>Ambulance brand</td><td>Ambulance brand</td></tr><tr><td style=\"white-space:nowrap\">MYKEpLGgVlX<a name=\"DHIS2Attributes-MYKEpLGgVlX\"> </a></td><td>Ambulance purchaser</td><td>Ambulance purchaser</td></tr><tr><td style=\"white-space:nowrap\">jKahvk7wiQf<a name=\"DHIS2Attributes-jKahvk7wiQf\"> </a></td><td>Auto Gen Child ID</td><td>Auto Gen Child ID</td></tr><tr><td style=\"white-space:nowrap\">IaZ89ZIN1va<a name=\"DHIS2Attributes-IaZ89ZIN1va\"> </a></td><td>Auto Gen Leprosy ID</td><td>Auto Gen Leprosy ID</td></tr><tr><td style=\"white-space:nowrap\">DEVBM6Bogtv<a name=\"DHIS2Attributes-DEVBM6Bogtv\"> </a></td><td>Auto Gen Patient ID</td><td>Auto Gen Patient ID</td></tr><tr><td style=\"white-space:nowrap\">bnuOdOujH9r<a name=\"DHIS2Attributes-bnuOdOujH9r\"> </a></td><td>Bank name</td><td>Bank name</td></tr><tr><td style=\"white-space:nowrap\">wYgV5mGqymu<a name=\"DHIS2Attributes-wYgV5mGqymu\"> </a></td><td>Birth date</td><td>Birth date</td></tr><tr><td style=\"white-space:nowrap\">FAkQHm3kesU<a name=\"DHIS2Attributes-FAkQHm3kesU\"> </a></td><td>CDT of Origin</td><td>CDT of Origin</td></tr><tr><td style=\"white-space:nowrap\">K9zM5Tq8G5f<a name=\"DHIS2Attributes-K9zM5Tq8G5f\"> </a></td><td>CHWID</td><td>CHWID</td></tr><tr><td style=\"white-space:nowrap\">kHYxRPCqCaJ<a name=\"DHIS2Attributes-kHYxRPCqCaJ\"> </a></td><td>CHWrole</td><td>CHWrole</td></tr><tr><td style=\"white-space:nowrap\">wZZt54vCaiY<a name=\"DHIS2Attributes-wZZt54vCaiY\"> </a></td><td>CSO District Address</td><td>CSO District Address</td></tr><tr><td style=\"white-space:nowrap\">TMRU1mlwWgI<a name=\"DHIS2Attributes-TMRU1mlwWgI\"> </a></td><td>CSO Email</td><td>CSO Email</td></tr><tr><td style=\"white-space:nowrap\">CgaGH5n91Jl<a name=\"DHIS2Attributes-CgaGH5n91Jl\"> </a></td><td>CSO Sector</td><td>CSO Sector</td></tr><tr><td style=\"white-space:nowrap\">bewrz2DDWZK<a name=\"DHIS2Attributes-bewrz2DDWZK\"> </a></td><td>CSO Telephone</td><td>CSO Telephone</td></tr><tr><td style=\"white-space:nowrap\">Z5RG5JkLehv<a name=\"DHIS2Attributes-Z5RG5JkLehv\"> </a></td><td>CSO Website</td><td>CSO Website</td></tr><tr><td style=\"white-space:nowrap\">E5D1aKa2eFb<a name=\"DHIS2Attributes-E5D1aKa2eFb\"> </a></td><td>Caretaker</td><td>Caretaker</td></tr><tr><td style=\"white-space:nowrap\">QF1ewXEBT0o<a name=\"DHIS2Attributes-QF1ewXEBT0o\"> </a></td><td>Caretaker ID Number</td><td>Caretaker ID Number</td></tr><tr><td style=\"white-space:nowrap\">OjVFFLxlAbo<a name=\"DHIS2Attributes-OjVFFLxlAbo\"> </a></td><td>Caretaker Names</td><td>Caretaker Names</td></tr><tr><td style=\"white-space:nowrap\">MfQkSwP7hiP<a name=\"DHIS2Attributes-MfQkSwP7hiP\"> </a></td><td>Caretaker Phone Number</td><td>Caretaker Phone Number</td></tr><tr><td style=\"white-space:nowrap\">QQNwqxcZqCW<a name=\"DHIS2Attributes-QQNwqxcZqCW\"> </a></td><td>Case Unique ID</td><td>Case Unique ID</td></tr><tr><td style=\"white-space:nowrap\">VUOPFCmLGDA<a name=\"DHIS2Attributes-VUOPFCmLGDA\"> </a></td><td>Cell Cell</td><td>Cell Cell</td></tr><tr><td style=\"white-space:nowrap\">McdXE0wk05G<a name=\"DHIS2Attributes-McdXE0wk05G\"> </a></td><td>Cell Current residence</td><td>Cell Current residence</td></tr><tr><td style=\"white-space:nowrap\">t8YUbhAXCoq<a name=\"DHIS2Attributes-t8YUbhAXCoq\"> </a></td><td>Cell of Residance</td><td>Cell of Residance</td></tr><tr><td style=\"white-space:nowrap\">s6EJmfbbvnA<a name=\"DHIS2Attributes-s6EJmfbbvnA\"> </a></td><td>Cell of residence</td><td>Cell of residence</td></tr><tr><td style=\"white-space:nowrap\">LAeWtKjFYNG<a name=\"DHIS2Attributes-LAeWtKjFYNG\"> </a></td><td>Cell of residence (New)</td><td>Cell of residence (New)</td></tr><tr><td style=\"white-space:nowrap\">KDxwNieLdee<a name=\"DHIS2Attributes-KDxwNieLdee\"> </a></td><td>Cell of the client</td><td>client Cell</td></tr><tr><td style=\"white-space:nowrap\">OzMkoLsiwJM<a name=\"DHIS2Attributes-OzMkoLsiwJM\"> </a></td><td>Cellcode</td><td>CHWcellcode</td></tr><tr><td style=\"white-space:nowrap\">krUV06sbefj<a name=\"DHIS2Attributes-krUV06sbefj\"> </a></td><td>Chassis number (use capital letter)</td><td>Chassis number (use capital letter)</td></tr><tr><td style=\"white-space:nowrap\">yBT0DI1TTbT<a name=\"DHIS2Attributes-yBT0DI1TTbT\"> </a></td><td>Child ID (Register number)</td><td>Child ID (Register number)</td></tr><tr><td style=\"white-space:nowrap\">VYEGPSgn908<a name=\"DHIS2Attributes-VYEGPSgn908\"> </a></td><td>Citizenship</td><td>Citizenship</td></tr><tr><td style=\"white-space:nowrap\">ImsEZyLWjOu<a name=\"DHIS2Attributes-ImsEZyLWjOu\"> </a></td><td>Contact_Cell</td><td>Contact_Cell</td></tr><tr><td style=\"white-space:nowrap\">zekrj7ti8lq<a name=\"DHIS2Attributes-zekrj7ti8lq\"> </a></td><td>Contact_District</td><td>Contact_District</td></tr><tr><td style=\"white-space:nowrap\">eqM44PJGAod<a name=\"DHIS2Attributes-eqM44PJGAod\"> </a></td><td>Contact_Sector</td><td>Contact_Sector</td></tr><tr><td style=\"white-space:nowrap\">Fk4qy2RY1xm<a name=\"DHIS2Attributes-Fk4qy2RY1xm\"> </a></td><td>Contact_Village</td><td>Contact_Village</td></tr><tr><td style=\"white-space:nowrap\">F7b4wG4dxsn<a name=\"DHIS2Attributes-F7b4wG4dxsn\"> </a></td><td>Country</td><td>Country</td></tr><tr><td style=\"white-space:nowrap\">q70u29fMclV<a name=\"DHIS2Attributes-q70u29fMclV\"> </a></td><td>Cso Name</td><td>Cso Name</td></tr><tr><td style=\"white-space:nowrap\">B9bfWW6w0e2<a name=\"DHIS2Attributes-B9bfWW6w0e2\"> </a></td><td>DOB type</td><td>DOB type</td></tr><tr><td style=\"white-space:nowrap\">q6ojcpdv1m3<a name=\"DHIS2Attributes-q6ojcpdv1m3\"> </a></td><td>Data Entry Date</td><td>Data Entry Date</td></tr><tr><td style=\"white-space:nowrap\">UFUIiaHn0vh<a name=\"DHIS2Attributes-UFUIiaHn0vh\"> </a></td><td>Date birth_FSW</td><td>Date birth_FSW</td></tr><tr><td style=\"white-space:nowrap\">uVpef29Fwc9<a name=\"DHIS2Attributes-uVpef29Fwc9\"> </a></td><td>Date of Birth of the client</td><td>Client Date of Birth</td></tr><tr><td style=\"white-space:nowrap\">A31FfrjPqyp<a name=\"DHIS2Attributes-A31FfrjPqyp\"> </a></td><td>Date of birth</td><td>Date of birth</td></tr><tr><td style=\"white-space:nowrap\">Z1rLc1rVHK8<a name=\"DHIS2Attributes-Z1rLc1rVHK8\"> </a></td><td>Date of birth is estimated</td><td>Date of birth is estimated</td></tr><tr><td style=\"white-space:nowrap\">EUNJhnqOyQf<a name=\"DHIS2Attributes-EUNJhnqOyQf\"> </a></td><td>Date of birth of first-born child</td><td>Date of birth of first-born child</td></tr><tr><td style=\"white-space:nowrap\">KkY64Uyz5y5<a name=\"DHIS2Attributes-KkY64Uyz5y5\"> </a></td><td>Date of birth of last born</td><td>Date of birth of last born</td></tr><tr><td style=\"white-space:nowrap\">YC6gjC3VqXd<a name=\"DHIS2Attributes-YC6gjC3VqXd\"> </a></td><td>Date of enrollment in CSO program</td><td>Date of enrollment in CSO program</td></tr><tr><td style=\"white-space:nowrap\">sY7Fyd3KdXK<a name=\"DHIS2Attributes-sY7Fyd3KdXK\"> </a></td><td>Date of reception</td><td>Date of reception</td></tr><tr><td style=\"white-space:nowrap\">wyPB0rnIOQa<a name=\"DHIS2Attributes-wyPB0rnIOQa\"> </a></td><td>Death date</td><td>Death date</td></tr><tr><td style=\"white-space:nowrap\">iEXJRQkfSOC<a name=\"DHIS2Attributes-iEXJRQkfSOC\"> </a></td><td>District Current residence</td><td>District Current residence</td></tr><tr><td style=\"white-space:nowrap\">AUiAvQrWQEa<a name=\"DHIS2Attributes-AUiAvQrWQEa\"> </a></td><td>District Home address</td><td>District Home address</td></tr><tr><td style=\"white-space:nowrap\">Y72SyQdDhIX<a name=\"DHIS2Attributes-Y72SyQdDhIX\"> </a></td><td>District of next of kin</td><td>District of orgin</td></tr><tr><td style=\"white-space:nowrap\">p2Nqf8AphI6<a name=\"DHIS2Attributes-p2Nqf8AphI6\"> </a></td><td>District of residence</td><td>District of residence</td></tr><tr><td style=\"white-space:nowrap\">getkVaLr2bw<a name=\"DHIS2Attributes-getkVaLr2bw\"> </a></td><td>District of residence_vacc</td><td>District of residence_vacc</td></tr><tr><td style=\"white-space:nowrap\">Kanzoi8DTom<a name=\"DHIS2Attributes-Kanzoi8DTom\"> </a></td><td>District of the client</td><td>District of the client</td></tr><tr><td style=\"white-space:nowrap\">hKGmiEPrCCg<a name=\"DHIS2Attributes-hKGmiEPrCCg\"> </a></td><td>E_mail of the client</td><td>E-mail of the client</td></tr><tr><td style=\"white-space:nowrap\">ODkP0myM8az<a name=\"DHIS2Attributes-ODkP0myM8az\"> </a></td><td>Education</td><td>Education</td></tr><tr><td style=\"white-space:nowrap\">DZ2uRcXYVp8<a name=\"DHIS2Attributes-DZ2uRcXYVp8\"> </a></td><td>Education level_FSW</td><td>Education level_FSW</td></tr><tr><td style=\"white-space:nowrap\">GiTHeVlmcAK<a name=\"DHIS2Attributes-GiTHeVlmcAK\"> </a></td><td>Engine number (use capital letter)</td><td>Engine number (use capital letter)</td></tr><tr><td style=\"white-space:nowrap\">yAoKZU1ileI<a name=\"DHIS2Attributes-yAoKZU1ileI\"> </a></td><td>Enrolled in HIV program</td><td>Enrolled in HIV program</td></tr><tr><td style=\"white-space:nowrap\">gmviIGeQAGl<a name=\"DHIS2Attributes-gmviIGeQAGl\"> </a></td><td>Enrollment date(Registration Date)</td><td>Enrollment date(Registration Date)</td></tr><tr><td style=\"white-space:nowrap\">Z6u6ysYu07K<a name=\"DHIS2Attributes-Z6u6ysYu07K\"> </a></td><td>Ever married</td><td>Ever married</td></tr><tr><td style=\"white-space:nowrap\">wLwmg1ntjs1<a name=\"DHIS2Attributes-wLwmg1ntjs1\"> </a></td><td>Ever tested for HIV</td><td>Ever tested for HIV</td></tr><tr><td style=\"white-space:nowrap\">e8SIFhxBHCv<a name=\"DHIS2Attributes-e8SIFhxBHCv\"> </a></td><td>Eye  Health Insurance type</td><td>Eye  Health Insurance type</td></tr><tr><td style=\"white-space:nowrap\">YtNcplQ1Tvb<a name=\"DHIS2Attributes-YtNcplQ1Tvb\"> </a></td><td>Eye reason of enrollement </td><td>Eye reason of enrollement </td></tr><tr><td style=\"white-space:nowrap\">sC7kVVEY8MJ<a name=\"DHIS2Attributes-sC7kVVEY8MJ\"> </a></td><td>FOSAID</td><td>FOSAID</td></tr><tr><td style=\"white-space:nowrap\">tLgQEW71GZT<a name=\"DHIS2Attributes-tLgQEW71GZT\"> </a></td><td>FSW Code Auto</td><td>FSW Code Auto</td></tr><tr><td style=\"white-space:nowrap\">nDQcbnq2DHV<a name=\"DHIS2Attributes-nDQcbnq2DHV\"> </a></td><td>FSW code</td><td>FSW code</td></tr><tr><td style=\"white-space:nowrap\">sah5bll9Y6Q<a name=\"DHIS2Attributes-sah5bll9Y6Q\"> </a></td><td>Family Name</td><td>Family Name</td></tr><tr><td style=\"white-space:nowrap\">hTdA8G5ZCEm<a name=\"DHIS2Attributes-hTdA8G5ZCEm\"> </a></td><td>Father Education Level</td><td>Father Education Level</td></tr><tr><td style=\"white-space:nowrap\">uLotdmVESxa<a name=\"DHIS2Attributes-uLotdmVESxa\"> </a></td><td>Father Names</td><td>Father Names</td></tr><tr><td style=\"white-space:nowrap\">AClDcrZs6R3<a name=\"DHIS2Attributes-AClDcrZs6R3\"> </a></td><td>Father Phone Number</td><td>Father Phone Number</td></tr><tr><td style=\"white-space:nowrap\">KsNhcMy9iwH<a name=\"DHIS2Attributes-KsNhcMy9iwH\"> </a></td><td>Fathers ID Number</td><td>Fathers ID Number</td></tr><tr><td style=\"white-space:nowrap\">fY3yuQxkaUS<a name=\"DHIS2Attributes-fY3yuQxkaUS\"> </a></td><td>Fellowship Expected Graduation Date</td><td>Fellowship Expected Graduation Date</td></tr><tr><td style=\"white-space:nowrap\">ISPdSEPTMBn<a name=\"DHIS2Attributes-ISPdSEPTMBn\"> </a></td><td>Fellowship program</td><td>Fellowship program</td></tr><tr><td style=\"white-space:nowrap\">e9BrRZAicPE<a name=\"DHIS2Attributes-e9BrRZAicPE\"> </a></td><td>First Name</td><td>Name of the patient, Lastname Firstname</td></tr><tr><td style=\"white-space:nowrap\">yKhbGyUiLLq<a name=\"DHIS2Attributes-yKhbGyUiLLq\"> </a></td><td>First Name of the client</td><td>client Name</td></tr><tr><td style=\"white-space:nowrap\">Ovu9BhmWgbL<a name=\"DHIS2Attributes-Ovu9BhmWgbL\"> </a></td><td>Full name</td><td>Full name</td></tr><tr><td style=\"white-space:nowrap\">Rq4qM2wKYFL<a name=\"DHIS2Attributes-Rq4qM2wKYFL\"> </a></td><td>Gender</td><td>Gender</td></tr><tr><td style=\"white-space:nowrap\">Ug49QUIKsxh<a name=\"DHIS2Attributes-Ug49QUIKsxh\"> </a></td><td>Gender/SEX</td><td>Gender</td></tr><tr><td style=\"white-space:nowrap\">TfdH5KvFmMy<a name=\"DHIS2Attributes-TfdH5KvFmMy\"> </a></td><td>Given Name/Prenom</td><td>Given Name/Prenom</td></tr><tr><td style=\"white-space:nowrap\">yXIS60L4z9a<a name=\"DHIS2Attributes-yXIS60L4z9a\"> </a></td><td>Height at Birth(Cm)</td><td>Height at Birth(Cm)</td></tr><tr><td style=\"white-space:nowrap\">iZYMynh3Q6a<a name=\"DHIS2Attributes-iZYMynh3Q6a\"> </a></td><td>Home address</td><td>Home address</td></tr><tr><td style=\"white-space:nowrap\">RTR4TP32gx8<a name=\"DHIS2Attributes-RTR4TP32gx8\"> </a></td><td>Igitsina</td><td>Igitsina</td></tr><tr><td style=\"white-space:nowrap\">HnnLtwqPI7v<a name=\"DHIS2Attributes-HnnLtwqPI7v\"> </a></td><td>In EIR and CRVS</td><td>In EIR and CRVS</td></tr><tr><td style=\"white-space:nowrap\">R5KfdqlJsHA<a name=\"DHIS2Attributes-R5KfdqlJsHA\"> </a></td><td>Indangamuntu ya Nyina</td><td>Indangamuntu ya Nyina</td></tr><tr><td style=\"white-space:nowrap\">Gsjdt8LULYw<a name=\"DHIS2Attributes-Gsjdt8LULYw\"> </a></td><td>Indangamuntu ya Se cyangwa Umurera</td><td>Indangamuntu ya Se cyangwa Umurera</td></tr><tr><td style=\"white-space:nowrap\">EzCMBhxLaKU<a name=\"DHIS2Attributes-EzCMBhxLaKU\"> </a></td><td>Is Dead</td><td>Is Dead</td></tr><tr><td style=\"white-space:nowrap\">fKsHl5oaWtO<a name=\"DHIS2Attributes-fKsHl5oaWtO\"> </a></td><td>Is under age</td><td>Is under age</td></tr><tr><td style=\"white-space:nowrap\">ekHx5Cql2T7<a name=\"DHIS2Attributes-ekHx5Cql2T7\"> </a></td><td>Join date</td><td>Join date</td></tr><tr><td style=\"white-space:nowrap\">evDmVzLwfMV<a name=\"DHIS2Attributes-evDmVzLwfMV\"> </a></td><td>LB_Country of education</td><td>LB_Country of education</td></tr><tr><td style=\"white-space:nowrap\">wbRH4bxGQos<a name=\"DHIS2Attributes-wbRH4bxGQos\"> </a></td><td>LB_Date of commencement</td><td>LB_Date of commencement</td></tr><tr><td style=\"white-space:nowrap\">iYJiCmxPFHh<a name=\"DHIS2Attributes-iYJiCmxPFHh\"> </a></td><td>LB_Email</td><td>LB_Email</td></tr><tr><td style=\"white-space:nowrap\">cuHQ94m2xyu<a name=\"DHIS2Attributes-cuHQ94m2xyu\"> </a></td><td>LB_If other University specify </td><td>LB_If other University specify </td></tr><tr><td style=\"white-space:nowrap\">bDeIY6PcPvy<a name=\"DHIS2Attributes-bDeIY6PcPvy\"> </a></td><td>LB_Intern End date</td><td>LB_Intern End date</td></tr><tr><td style=\"white-space:nowrap\">tkZYf0cfz7g<a name=\"DHIS2Attributes-tkZYf0cfz7g\"> </a></td><td>LB_Intern type</td><td>LB_Intern type</td></tr><tr><td style=\"white-space:nowrap\">fzIRPb8eOGx<a name=\"DHIS2Attributes-fzIRPb8eOGx\"> </a></td><td>LB_Nationality</td><td>LB_Nationality</td></tr><tr><td style=\"white-space:nowrap\">iv9ywpPBd3f<a name=\"DHIS2Attributes-iv9ywpPBd3f\"> </a></td><td>LB_Passport Number</td><td>LB_Passport Number</td></tr><tr><td style=\"white-space:nowrap\">CiJzESXEEEI<a name=\"DHIS2Attributes-CiJzESXEEEI\"> </a></td><td>LB_Provisional License Number</td><td>LB_Provisional License Number</td></tr><tr><td style=\"white-space:nowrap\">wqUtd3xa3al<a name=\"DHIS2Attributes-wqUtd3xa3al\"> </a></td><td>LB_Unique ID</td><td>LB_Unique ID</td></tr><tr><td style=\"white-space:nowrap\">dCAh9Y9K6aM<a name=\"DHIS2Attributes-dCAh9Y9K6aM\"> </a></td><td>LB_University </td><td>LB_University </td></tr><tr><td style=\"white-space:nowrap\">ABVa8kNzkh8<a name=\"DHIS2Attributes-ABVa8kNzkh8\"> </a></td><td>Last Name of the client</td><td>client last name</td></tr><tr><td style=\"white-space:nowrap\">UQNrumJTziw<a name=\"DHIS2Attributes-UQNrumJTziw\"> </a></td><td>Leprosy Case Number</td><td>Leprosy Case Number</td></tr><tr><td style=\"white-space:nowrap\">MGTvCH8utlf<a name=\"DHIS2Attributes-MGTvCH8utlf\"> </a></td><td>Leprosy Contact Number</td><td>Leprosy Contact Number</td></tr><tr><td style=\"white-space:nowrap\">gwTNODsqr5L<a name=\"DHIS2Attributes-gwTNODsqr5L\"> </a></td><td>Leprosy _Current age</td><td>Leprosy _Current age</td></tr><tr><td style=\"white-space:nowrap\">gRQgNqnWtc1<a name=\"DHIS2Attributes-gRQgNqnWtc1\"> </a></td><td>License Number</td><td>License Number</td></tr><tr><td style=\"white-space:nowrap\">O99WyJz6onQ<a name=\"DHIS2Attributes-O99WyJz6onQ\"> </a></td><td>Live alone</td><td>Live alone</td></tr><tr><td style=\"white-space:nowrap\">UXezg9UjJv2<a name=\"DHIS2Attributes-UXezg9UjJv2\"> </a></td><td>Live with family</td><td>Live with family</td></tr><tr><td style=\"white-space:nowrap\">f038nOc9uRF<a name=\"DHIS2Attributes-f038nOc9uRF\"> </a></td><td>Location of residence</td><td>The location (coordinates) of the place of residence.</td></tr><tr><td style=\"white-space:nowrap\">vBlHJN5gPSi<a name=\"DHIS2Attributes-vBlHJN5gPSi\"> </a></td><td>Mother s ID number</td><td>Mother s ID number</td></tr><tr><td style=\"white-space:nowrap\">cUTcjBma2jK<a name=\"DHIS2Attributes-cUTcjBma2jK\"> </a></td><td>Mothers Date of Birth</td><td>Mothers Date of Birth</td></tr><tr><td style=\"white-space:nowrap\">YDWk8qQbFOh<a name=\"DHIS2Attributes-YDWk8qQbFOh\"> </a></td><td>Mothers Education Level</td><td>Mothers Education Level</td></tr><tr><td style=\"white-space:nowrap\">RzPmWr82V3p<a name=\"DHIS2Attributes-RzPmWr82V3p\"> </a></td><td>Mothers Names</td><td>Mothers Names</td></tr><tr><td style=\"white-space:nowrap\">IBcgUcOzYgB<a name=\"DHIS2Attributes-IBcgUcOzYgB\"> </a></td><td>Mothers Phone Number</td><td>Mothers Phone Number</td></tr><tr><td style=\"white-space:nowrap\">lzae3BtWOIZ<a name=\"DHIS2Attributes-lzae3BtWOIZ\"> </a></td><td>NIN</td><td>NIN</td></tr><tr><td style=\"white-space:nowrap\">aW66s2QSosT<a name=\"DHIS2Attributes-aW66s2QSosT\"> </a></td><td>Name/Nom</td><td>Name/Nom</td></tr><tr><td style=\"white-space:nowrap\">PEhSKbBKoXS<a name=\"DHIS2Attributes-PEhSKbBKoXS\"> </a></td><td>Names</td><td>Names</td></tr><tr><td style=\"white-space:nowrap\">O7P9OMwtpwL<a name=\"DHIS2Attributes-O7P9OMwtpwL\"> </a></td><td>National ID</td><td>Patient National ID</td></tr><tr><td style=\"white-space:nowrap\">haL5t4KtUis<a name=\"DHIS2Attributes-haL5t4KtUis\"> </a></td><td>National ID (new)</td><td>National ID (new)</td></tr><tr><td style=\"white-space:nowrap\">eiMG6z23BJh<a name=\"DHIS2Attributes-eiMG6z23BJh\"> </a></td><td>Next of Kin Firstname</td><td>Next of Kin Firstname</td></tr><tr><td style=\"white-space:nowrap\">opFwwerYZzV<a name=\"DHIS2Attributes-opFwwerYZzV\"> </a></td><td>Next of Kin Lastname</td><td>Next of kin LN</td></tr><tr><td style=\"white-space:nowrap\">DLC9w54MA59<a name=\"DHIS2Attributes-DLC9w54MA59\"> </a></td><td>Next of Kin Telephone</td><td>Next of Kin Phone</td></tr><tr><td style=\"white-space:nowrap\">ZE2FHgj3EE1<a name=\"DHIS2Attributes-ZE2FHgj3EE1\"> </a></td><td>Number of children</td><td>Number of children</td></tr><tr><td style=\"white-space:nowrap\">ZLdEQatuagP<a name=\"DHIS2Attributes-ZLdEQatuagP\"> </a></td><td>Number of dependents</td><td>Number of dependents</td></tr><tr><td style=\"white-space:nowrap\">Ewi7FUfcHAD<a name=\"DHIS2Attributes-Ewi7FUfcHAD\"> </a></td><td>Patient Unique ID</td><td>Patient Unique ID</td></tr><tr><td style=\"white-space:nowrap\">epBHliNRBLh<a name=\"DHIS2Attributes-epBHliNRBLh\"> </a></td><td>Phone number</td><td>Phone number</td></tr><tr><td style=\"white-space:nowrap\">CT6aPmeOhXw<a name=\"DHIS2Attributes-CT6aPmeOhXw\"> </a></td><td>Phone number_FSW</td><td>Phone number_FSW</td></tr><tr><td style=\"white-space:nowrap\">iCy9QPG9HY9<a name=\"DHIS2Attributes-iCy9QPG9HY9\"> </a></td><td>Place of Bith</td><td>Place of Bith</td></tr><tr><td style=\"white-space:nowrap\">j0RWl7MZZjF<a name=\"DHIS2Attributes-j0RWl7MZZjF\"> </a></td><td>Place of birth_FSW</td><td>Place of birth_FSW</td></tr><tr><td style=\"white-space:nowrap\">tbLiYMxG0M1<a name=\"DHIS2Attributes-tbLiYMxG0M1\"> </a></td><td>Place of first commercial sex_District</td><td>Place of first commercial sex_District</td></tr><tr><td style=\"white-space:nowrap\">GUd2L4V5Qu5<a name=\"DHIS2Attributes-GUd2L4V5Qu5\"> </a></td><td>Plate number </td><td>Plate number </td></tr><tr><td style=\"white-space:nowrap\">TXDvRJ9wWBv<a name=\"DHIS2Attributes-TXDvRJ9wWBv\"> </a></td><td>Pregnancy Number</td><td>Pregnancy Number</td></tr><tr><td style=\"white-space:nowrap\">xngC89Ip5E7<a name=\"DHIS2Attributes-xngC89Ip5E7\"> </a></td><td>Program Type</td><td>Program Type</td></tr><tr><td style=\"white-space:nowrap\">nuqA7EFKonT<a name=\"DHIS2Attributes-nuqA7EFKonT\"> </a></td><td>Program duration</td><td>Program duration</td></tr><tr><td style=\"white-space:nowrap\">l9WS5ketbhX<a name=\"DHIS2Attributes-l9WS5ketbhX\"> </a></td><td>Province of next of kin</td><td>Province of orgin</td></tr><tr><td style=\"white-space:nowrap\">FBm5ftjnCj2<a name=\"DHIS2Attributes-FBm5ftjnCj2\"> </a></td><td>Province of residence</td><td>Province of residence</td></tr><tr><td style=\"white-space:nowrap\">bayoL96sEsL<a name=\"DHIS2Attributes-bayoL96sEsL\"> </a></td><td>Province of the client</td><td>Province of the client</td></tr><tr><td style=\"white-space:nowrap\">l70Rt7f0YNE<a name=\"DHIS2Attributes-l70Rt7f0YNE\"> </a></td><td>Register facilityName</td><td>Register facilityName</td></tr><tr><td style=\"white-space:nowrap\">I0RIIcxm6G3<a name=\"DHIS2Attributes-I0RIIcxm6G3\"> </a></td><td>Registration date</td><td>Registration date</td></tr><tr><td style=\"white-space:nowrap\">pDx163TL9N2<a name=\"DHIS2Attributes-pDx163TL9N2\"> </a></td><td>Relationship</td><td>Relationship patient</td></tr><tr><td style=\"white-space:nowrap\">ysatfqnP6ZJ<a name=\"DHIS2Attributes-ysatfqnP6ZJ\"> </a></td><td>Rwanda nationality ?</td><td>Rwanda nationality ?</td></tr><tr><td style=\"white-space:nowrap\">wnfbyVsNj4h<a name=\"DHIS2Attributes-wnfbyVsNj4h\"> </a></td><td>Sector Current residence</td><td>Sector Current residence</td></tr><tr><td style=\"white-space:nowrap\">rXWNI9jQhXs<a name=\"DHIS2Attributes-rXWNI9jQhXs\"> </a></td><td>Sector of Residence</td><td>Sector of Residence</td></tr><tr><td style=\"white-space:nowrap\">bUnEh0yWeC0<a name=\"DHIS2Attributes-bUnEh0yWeC0\"> </a></td><td>Sector of next of kin</td><td>Sector of orgin</td></tr><tr><td style=\"white-space:nowrap\">rMxZNZXHIFQ<a name=\"DHIS2Attributes-rMxZNZXHIFQ\"> </a></td><td>Sector of residence</td><td>Sector of residence</td></tr><tr><td style=\"white-space:nowrap\">T4oNeTO7Tk8<a name=\"DHIS2Attributes-T4oNeTO7Tk8\"> </a></td><td>Sector of the client</td><td>Sector of the client</td></tr><tr><td style=\"white-space:nowrap\">CklPZdOd6H1<a name=\"DHIS2Attributes-CklPZdOd6H1\"> </a></td><td>Sex</td><td>Gender of Person</td></tr><tr><td style=\"white-space:nowrap\">y1x29lfx2Pl<a name=\"DHIS2Attributes-y1x29lfx2Pl\"> </a></td><td>Sex of the client</td><td>Sex of the client</td></tr><tr><td style=\"white-space:nowrap\">KIWNuC2w5K7<a name=\"DHIS2Attributes-KIWNuC2w5K7\"> </a></td><td>Site_FSW</td><td>Site_FSW</td></tr><tr><td style=\"white-space:nowrap\">FIeADYwBKjB<a name=\"DHIS2Attributes-FIeADYwBKjB\"> </a></td><td>Social Category</td><td>Social Category</td></tr><tr><td style=\"white-space:nowrap\">JE04bCG3rk2<a name=\"DHIS2Attributes-JE04bCG3rk2\"> </a></td><td>Staff</td><td>Staff</td></tr><tr><td style=\"white-space:nowrap\">ldGZfMMlzFZ<a name=\"DHIS2Attributes-ldGZfMMlzFZ\"> </a></td><td>Student Registration Number</td><td>Student Registration Number</td></tr><tr><td style=\"white-space:nowrap\">c18OAOb1qet<a name=\"DHIS2Attributes-c18OAOb1qet\"> </a></td><td>TB Case Number</td><td>TB Case Number</td></tr><tr><td style=\"white-space:nowrap\">BxV3tbviVZq<a name=\"DHIS2Attributes-BxV3tbviVZq\"> </a></td><td>TB_Current age</td><td>TB_Current age</td></tr><tr><td style=\"white-space:nowrap\">t71wTbckFTI<a name=\"DHIS2Attributes-t71wTbckFTI\"> </a></td><td>Telefone ya Nyina</td><td>Telefone ya Nyina</td></tr><tr><td style=\"white-space:nowrap\">WamA2Upu9ii<a name=\"DHIS2Attributes-WamA2Upu9ii\"> </a></td><td>Telefone ya Se Cyangwa Umurera</td><td>Telefone ya Se Cyangwa Umurera</td></tr><tr><td style=\"white-space:nowrap\">TueBWX6YRtp<a name=\"DHIS2Attributes-TueBWX6YRtp\"> </a></td><td>Telefoni y'Umujyanama w'ubuzima</td><td>Telefoni y'Umujyanama w'ubuzima</td></tr><tr><td style=\"white-space:nowrap\">BvHmOeOGIG7<a name=\"DHIS2Attributes-BvHmOeOGIG7\"> </a></td><td>Telephone (new)</td><td>Telephone (new)</td></tr><tr><td style=\"white-space:nowrap\">pB7G5BZh6bJ<a name=\"DHIS2Attributes-pB7G5BZh6bJ\"> </a></td><td>Telephone of the client</td><td>Telephone Number</td></tr><tr><td style=\"white-space:nowrap\">QyhGvFhiMF3<a name=\"DHIS2Attributes-QyhGvFhiMF3\"> </a></td><td>Twins or More</td><td>Twins or More</td></tr><tr><td style=\"white-space:nowrap\">zH60KBzMsBo<a name=\"DHIS2Attributes-zH60KBzMsBo\"> </a></td><td>Ubudehe category</td><td>Ubudehe category</td></tr><tr><td style=\"white-space:nowrap\">Z5LvDzazkft<a name=\"DHIS2Attributes-Z5LvDzazkft\"> </a></td><td>Ubwishingizi</td><td>Ubwishingizi</td></tr><tr><td style=\"white-space:nowrap\">utBUvfIq5Dl<a name=\"DHIS2Attributes-utBUvfIq5Dl\"> </a></td><td>Umudugudu</td><td>Umudugudu</td></tr><tr><td style=\"white-space:nowrap\">Za5dJxPRUfg<a name=\"DHIS2Attributes-Za5dJxPRUfg\"> </a></td><td>Umujyanama w'ubuzima</td><td>Umujyanama w'ubuzima</td></tr><tr><td style=\"white-space:nowrap\">HKAjtWQUMCq<a name=\"DHIS2Attributes-HKAjtWQUMCq\"> </a></td><td>Umurenge</td><td>Umurenge</td></tr><tr><td style=\"white-space:nowrap\">z0JpTH95uHR<a name=\"DHIS2Attributes-z0JpTH95uHR\"> </a></td><td>Unique Identification Code_FSW</td><td>Unique Identification Code_FSW</td></tr><tr><td style=\"white-space:nowrap\">O5oZvRUPYIQ<a name=\"DHIS2Attributes-O5oZvRUPYIQ\"> </a></td><td>Village Current residence</td><td>Village Current residence</td></tr><tr><td style=\"white-space:nowrap\">fSGeXjMM7Iw<a name=\"DHIS2Attributes-fSGeXjMM7Iw\"> </a></td><td>Village of Residance</td><td>Village of Residance</td></tr><tr><td style=\"white-space:nowrap\">ZB2q2bG9j4s<a name=\"DHIS2Attributes-ZB2q2bG9j4s\"> </a></td><td>Village of Residance (New)</td><td>Village of Residance (New)</td></tr><tr><td style=\"white-space:nowrap\">frmU1Hjwp6w<a name=\"DHIS2Attributes-frmU1Hjwp6w\"> </a></td><td>Village of next of kin</td><td>Village of orgin</td></tr><tr><td style=\"white-space:nowrap\">fSS6j77BXyo<a name=\"DHIS2Attributes-fSS6j77BXyo\"> </a></td><td>Village of residence</td><td>Village of residence</td></tr><tr><td style=\"white-space:nowrap\">qq0Ly8akdYR<a name=\"DHIS2Attributes-qq0Ly8akdYR\"> </a></td><td>Village of the client</td><td>Village of the client</td></tr><tr><td style=\"white-space:nowrap\">IYm5bpgSe3Y<a name=\"DHIS2Attributes-IYm5bpgSe3Y\"> </a></td><td>Villagecode</td><td>Villagecode</td></tr><tr><td style=\"white-space:nowrap\">niy3ldrnH1k<a name=\"DHIS2Attributes-niy3ldrnH1k\"> </a></td><td>Vocation Training Received_FSW</td><td>Vocation Training Received_FSW</td></tr><tr><td style=\"white-space:nowrap\">t9i9Bc9MNwX<a name=\"DHIS2Attributes-t9i9Bc9MNwX\"> </a></td><td>Warranty Duration (in months)</td><td>Warranty Duration (in months)</td></tr><tr><td style=\"white-space:nowrap\">aH29RtPc19V<a name=\"DHIS2Attributes-aH29RtPc19V\"> </a></td><td>Warranty start date</td><td>Warranty start date</td></tr><tr><td style=\"white-space:nowrap\">cM7Q2YcXhH0<a name=\"DHIS2Attributes-cM7Q2YcXhH0\"> </a></td><td>Weight at Birth (Kgs)</td><td>Weight at Birth (Kgs)</td></tr><tr><td style=\"white-space:nowrap\">OPh3UFCaht4<a name=\"DHIS2Attributes-OPh3UFCaht4\"> </a></td><td>Year of fabrication</td><td>Year of fabrication</td></tr><tr><td style=\"white-space:nowrap\">AE6ExmcrLmo<a name=\"DHIS2Attributes-AE6ExmcrLmo\"> </a></td><td>Year started commercial sex</td><td>Year started commercial sex</td></tr><tr><td style=\"white-space:nowrap\">dx3uJl25IKr<a name=\"DHIS2Attributes-dx3uJl25IKr\"> </a></td><td>Yigeze avurwa</td><td>Yigeze avurwa</td></tr><tr><td style=\"white-space:nowrap\">Zf9XyUDtGFC<a name=\"DHIS2Attributes-Zf9XyUDtGFC\"> </a></td><td>applicationNumber</td><td>applicationNumber</td></tr><tr><td style=\"white-space:nowrap\">csE2iyxUvZM<a name=\"DHIS2Attributes-csE2iyxUvZM\"> </a></td><td>facilityOfficeType</td><td>facilityOfficeType</td></tr><tr><td style=\"white-space:nowrap\">LS3cqxurOem<a name=\"DHIS2Attributes-LS3cqxurOem\"> </a></td><td>notificationDate</td><td>notificationDate</td></tr><tr><td style=\"white-space:nowrap\">af8cbO1aI9Y<a name=\"DHIS2Attributes-af8cbO1aI9Y\"> </a></td><td>rbf-Mother TRACnet number</td><td>rbf-Mother TRACnet number</td></tr><tr><td style=\"white-space:nowrap\">C1V9Q8GeV2m<a name=\"DHIS2Attributes-C1V9Q8GeV2m\"> </a></td><td>rbf_Did the child took Nevirapine at birth</td><td>rbf_Did the child took Nevirapine at birth</td></tr><tr><td style=\"white-space:nowrap\">d2g1HtmUlHj<a name=\"DHIS2Attributes-d2g1HtmUlHj\"> </a></td><td>rbf_Does HF have an exposed infant in the period April,May,June 2016</td><td>rbf_Does HF have an exposed infant in the period April,May,June 2016</td></tr><tr><td style=\"white-space:nowrap\">OBt2GiMHgHy<a name=\"DHIS2Attributes-OBt2GiMHgHy\"> </a></td><td>rbf_Does HF have an exposed infant in the period July,2016-June,2017?</td><td>rbf_Does HF have an exposed infant in the period July,2016-June,2017?</td></tr><tr><td style=\"white-space:nowrap\">eN57OHpTlQQ<a name=\"DHIS2Attributes-eN57OHpTlQQ\"> </a></td><td>rbf_Does HF have an exposed infant in the period July,2017-June,2018?</td><td>rbf_Does HF have an exposed infant in the period July,2017-June,2018?</td></tr><tr><td style=\"white-space:nowrap\">MuHGufOGFw9<a name=\"DHIS2Attributes-MuHGufOGFw9\"> </a></td><td>rbf_Does HF have an exposed infant in the period July,2018-June,2019?</td><td>rbf_Does HF have an exposed infant in the period July,2018-June,2019?</td></tr><tr><td style=\"white-space:nowrap\">QN0VAPDV8BG<a name=\"DHIS2Attributes-QN0VAPDV8BG\"> </a></td><td>rbf_Does HF have an exposed infant in the period July,2019-June,2020?</td><td>rbf_Does HF have an exposed infant in the period July,2019-June,2020?</td></tr><tr><td style=\"white-space:nowrap\">tkcL6xyUGjN<a name=\"DHIS2Attributes-tkcL6xyUGjN\"> </a></td><td>rbf_ID</td><td>rbf_ID</td></tr><tr><td style=\"white-space:nowrap\">Tiz0xDPMXC9<a name=\"DHIS2Attributes-Tiz0xDPMXC9\"> </a></td><td>rbf_Patient DoB</td><td>rbf_Patient DoB</td></tr><tr><td style=\"white-space:nowrap\">QzUggPwl61f<a name=\"DHIS2Attributes-QzUggPwl61f\"> </a></td><td>rbf_Patient Tracknet Number</td><td>rbf_Patient Tracknet Number</td></tr><tr><td style=\"white-space:nowrap\">axUuQMzM1PD<a name=\"DHIS2Attributes-axUuQMzM1PD\"> </a></td><td>rbf_Patient sex</td><td>rbf_Patient sex</td></tr><tr><td style=\"white-space:nowrap\">ATMg1kDxkZi<a name=\"DHIS2Attributes-ATMg1kDxkZi\"> </a></td><td>rbf_Regisration date</td><td>rbf_Regisration date</td></tr><tr><td style=\"white-space:nowrap\">W0p422otuka<a name=\"DHIS2Attributes-W0p422otuka\"> </a></td><td>rbf_Registration place</td><td>rbf_Registration place</td></tr><tr><td style=\"white-space:nowrap\">oMCcGOzPpOI<a name=\"DHIS2Attributes-oMCcGOzPpOI\"> </a></td><td>rbf_month of birth </td><td>rbf_month of birth </td></tr><tr><td style=\"white-space:nowrap\">C6XGReyQjst<a name=\"DHIS2Attributes-C6XGReyQjst\"> </a></td><td>rbf_month of birth old</td><td>rbf_month of birth old</td></tr><tr><td style=\"white-space:nowrap\">ztFYx9bppif<a name=\"DHIS2Attributes-ztFYx9bppif\"> </a></td><td>rbf_order number</td><td>rbf_order number</td></tr></table></div>"},"url":"https://dhis2.org/CodeSystem/DHIS2Attributes","version":"0.1.0","name":"DHIS2Attributes","title":"DHIS2 Tracked Entity Attributes","status":"draft","experimental":true,"date":"2024-06-20T14:32:32+00:00","publisher":"DHIS2","contact":[{"name":"DHIS2","telecom":[{"system":"url","value":"https://dhis2.org"}]}],"description":"This code system defines tracked entity attributes used in DHIS2","caseSensitive":false,"content":"complete","count":208,"concept":[{"code":"NGeJP9rTUI3","display":"Address (New)","definition":"Address (New)"},{"code":"eRGolzpzbsV","display":"Afite Ibibari mu nkanka","definition":"Afite Ibibari mu nkanka"},{"code":"WLP2idn6CPZ","display":"Afite ikibari ku munwa","definition":"Afite ikibari ku munwa"},{"code":"CEOwe5r8PFS","display":"Age","definition":"Age"},{"code":"J2c9TNIpHd0","display":"Age_1","definition":"Age"},{"code":"c6gUKezht7U","display":"Akagari","definition":"Akagari"},{"code":"jsHnkLgaLne","display":"Akarere","definition":"Akarere"},{"code":"IWCa9RY9pqt","display":"Amazina y umwana","definition":"Amazina y umwana"},{"code":"VlP9V51JaYP","display":"Amazina ya Nyina","definition":"Amazina ya Nyina"},{"code":"RP0jtvuebcN","display":"Amazina ya Se Cyangwa umurera","definition":"Amazina ya Se Cyangwa umurera"},{"code":"BEyqBJ1NOca","display":"Ambulance account number","definition":"Ambulance account number"},{"code":"jCsa67YikZE","display":"Ambulance brand","definition":"Ambulance brand"},{"code":"MYKEpLGgVlX","display":"Ambulance purchaser","definition":"Ambulance purchaser"},{"code":"jKahvk7wiQf","display":"Auto Gen Child ID","definition":"Auto Gen Child ID"},{"code":"IaZ89ZIN1va","display":"Auto Gen Leprosy ID","definition":"Auto Gen Leprosy ID"},{"code":"DEVBM6Bogtv","display":"Auto Gen Patient ID","definition":"Auto Gen Patient ID"},{"code":"bnuOdOujH9r","display":"Bank name","definition":"Bank name"},{"code":"wYgV5mGqymu","display":"Birth date","definition":"Birth date"},{"code":"FAkQHm3kesU","display":"CDT of Origin","definition":"CDT of Origin"},{"code":"K9zM5Tq8G5f","display":"CHWID","definition":"CHWID"},{"code":"kHYxRPCqCaJ","display":"CHWrole","definition":"CHWrole"},{"code":"wZZt54vCaiY","display":"CSO District Address","definition":"CSO District Address"},{"code":"TMRU1mlwWgI","display":"CSO Email","definition":"CSO Email"},{"code":"CgaGH5n91Jl","display":"CSO Sector","definition":"CSO Sector"},{"code":"bewrz2DDWZK","display":"CSO Telephone","definition":"CSO Telephone"},{"code":"Z5RG5JkLehv","display":"CSO Website","definition":"CSO Website"},{"code":"E5D1aKa2eFb","display":"Caretaker","definition":"Caretaker"},{"code":"QF1ewXEBT0o","display":"Caretaker ID Number","definition":"Caretaker ID Number"},{"code":"OjVFFLxlAbo","display":"Caretaker Names","definition":"Caretaker Names"},{"code":"MfQkSwP7hiP","display":"Caretaker Phone Number","definition":"Caretaker Phone Number"},{"code":"QQNwqxcZqCW","display":"Case Unique ID","definition":"Case Unique ID"},{"code":"VUOPFCmLGDA","display":"Cell Cell","definition":"Cell Cell"},{"code":"McdXE0wk05G","display":"Cell Current residence","definition":"Cell Current residence"},{"code":"t8YUbhAXCoq","display":"Cell of Residance","definition":"Cell of Residance"},{"code":"s6EJmfbbvnA","display":"Cell of residence","definition":"Cell of residence"},{"code":"LAeWtKjFYNG","display":"Cell of residence (New)","definition":"Cell of residence (New)"},{"code":"KDxwNieLdee","display":"Cell of the client","definition":"client Cell"},{"code":"OzMkoLsiwJM","display":"Cellcode","definition":"CHWcellcode"},{"code":"krUV06sbefj","display":"Chassis number (use capital letter)","definition":"Chassis number (use capital letter)"},{"code":"yBT0DI1TTbT","display":"Child ID (Register number)","definition":"Child ID (Register number)"},{"code":"VYEGPSgn908","display":"Citizenship","definition":"Citizenship"},{"code":"ImsEZyLWjOu","display":"Contact_Cell","definition":"Contact_Cell"},{"code":"zekrj7ti8lq","display":"Contact_District","definition":"Contact_District"},{"code":"eqM44PJGAod","display":"Contact_Sector","definition":"Contact_Sector"},{"code":"Fk4qy2RY1xm","display":"Contact_Village","definition":"Contact_Village"},{"code":"F7b4wG4dxsn","display":"Country","definition":"Country"},{"code":"q70u29fMclV","display":"Cso Name","definition":"Cso Name"},{"code":"B9bfWW6w0e2","display":"DOB type","definition":"DOB type"},{"code":"q6ojcpdv1m3","display":"Data Entry Date","definition":"Data Entry Date"},{"code":"UFUIiaHn0vh","display":"Date birth_FSW","definition":"Date birth_FSW"},{"code":"uVpef29Fwc9","display":"Date of Birth of the client","definition":"Client Date of Birth"},{"code":"A31FfrjPqyp","display":"Date of birth","definition":"Date of birth"},{"code":"Z1rLc1rVHK8","display":"Date of birth is estimated","definition":"Date of birth is estimated"},{"code":"EUNJhnqOyQf","display":"Date of birth of first-born child","definition":"Date of birth of first-born child"},{"code":"KkY64Uyz5y5","display":"Date of birth of last born","definition":"Date of birth of last born"},{"code":"YC6gjC3VqXd","display":"Date of enrollment in CSO program","definition":"Date of enrollment in CSO program"},{"code":"sY7Fyd3KdXK","display":"Date of reception","definition":"Date of reception"},{"code":"wyPB0rnIOQa","display":"Death date","definition":"Death date"},{"code":"iEXJRQkfSOC","display":"District Current residence","definition":"District Current residence"},{"code":"AUiAvQrWQEa","display":"District Home address","definition":"District Home address"},{"code":"Y72SyQdDhIX","display":"District of next of kin","definition":"District of orgin"},{"code":"p2Nqf8AphI6","display":"District of residence","definition":"District of residence"},{"code":"getkVaLr2bw","display":"District of residence_vacc","definition":"District of residence_vacc"},{"code":"Kanzoi8DTom","display":"District of the client","definition":"District of the client"},{"code":"hKGmiEPrCCg","display":"E_mail of the client","definition":"E-mail of the client"},{"code":"ODkP0myM8az","display":"Education","definition":"Education"},{"code":"DZ2uRcXYVp8","display":"Education level_FSW","definition":"Education level_FSW"},{"code":"GiTHeVlmcAK","display":"Engine number (use capital letter)","definition":"Engine number (use capital letter)"},{"code":"yAoKZU1ileI","display":"Enrolled in HIV program","definition":"Enrolled in HIV program"},{"code":"gmviIGeQAGl","display":"Enrollment date(Registration Date)","definition":"Enrollment date(Registration Date)"},{"code":"Z6u6ysYu07K","display":"Ever married","definition":"Ever married"},{"code":"wLwmg1ntjs1","display":"Ever tested for HIV","definition":"Ever tested for HIV"},{"code":"e8SIFhxBHCv","display":"Eye  Health Insurance type","definition":"Eye  Health Insurance type"},{"code":"YtNcplQ1Tvb","display":"Eye reason of enrollement ","definition":"Eye reason of enrollement "},{"code":"sC7kVVEY8MJ","display":"FOSAID","definition":"FOSAID"},{"code":"tLgQEW71GZT","display":"FSW Code Auto","definition":"FSW Code Auto"},{"code":"nDQcbnq2DHV","display":"FSW code","definition":"FSW code"},{"code":"sah5bll9Y6Q","display":"Family Name","definition":"Family Name"},{"code":"hTdA8G5ZCEm","display":"Father Education Level","definition":"Father Education Level"},{"code":"uLotdmVESxa","display":"Father Names","definition":"Father Names"},{"code":"AClDcrZs6R3","display":"Father Phone Number","definition":"Father Phone Number"},{"code":"KsNhcMy9iwH","display":"Fathers ID Number","definition":"Fathers ID Number"},{"code":"fY3yuQxkaUS","display":"Fellowship Expected Graduation Date","definition":"Fellowship Expected Graduation Date"},{"code":"ISPdSEPTMBn","display":"Fellowship program","definition":"Fellowship program"},{"code":"e9BrRZAicPE","display":"First Name","definition":"Name of the patient, Lastname Firstname"},{"code":"yKhbGyUiLLq","display":"First Name of the client","definition":"client Name"},{"code":"Ovu9BhmWgbL","display":"Full name","definition":"Full name"},{"code":"Rq4qM2wKYFL","display":"Gender","definition":"Gender"},{"code":"Ug49QUIKsxh","display":"Gender/SEX","definition":"Gender"},{"code":"TfdH5KvFmMy","display":"Given Name/Prenom","definition":"Given Name/Prenom"},{"code":"yXIS60L4z9a","display":"Height at Birth(Cm)","definition":"Height at Birth(Cm)"},{"code":"iZYMynh3Q6a","display":"Home address","definition":"Home address"},{"code":"RTR4TP32gx8","display":"Igitsina","definition":"Igitsina"},{"code":"HnnLtwqPI7v","display":"In EIR and CRVS","definition":"In EIR and CRVS"},{"code":"R5KfdqlJsHA","display":"Indangamuntu ya Nyina","definition":"Indangamuntu ya Nyina"},{"code":"Gsjdt8LULYw","display":"Indangamuntu ya Se cyangwa Umurera","definition":"Indangamuntu ya Se cyangwa Umurera"},{"code":"EzCMBhxLaKU","display":"Is Dead","definition":"Is Dead"},{"code":"fKsHl5oaWtO","display":"Is under age","definition":"Is under age"},{"code":"ekHx5Cql2T7","display":"Join date","definition":"Join date"},{"code":"evDmVzLwfMV","display":"LB_Country of education","definition":"LB_Country of education"},{"code":"wbRH4bxGQos","display":"LB_Date of commencement","definition":"LB_Date of commencement"},{"code":"iYJiCmxPFHh","display":"LB_Email","definition":"LB_Email"},{"code":"cuHQ94m2xyu","display":"LB_If other University specify ","definition":"LB_If other University specify "},{"code":"bDeIY6PcPvy","display":"LB_Intern End date","definition":"LB_Intern End date"},{"code":"tkZYf0cfz7g","display":"LB_Intern type","definition":"LB_Intern type"},{"code":"fzIRPb8eOGx","display":"LB_Nationality","definition":"LB_Nationality"},{"code":"iv9ywpPBd3f","display":"LB_Passport Number","definition":"LB_Passport Number"},{"code":"CiJzESXEEEI","display":"LB_Provisional License Number","definition":"LB_Provisional License Number"},{"code":"wqUtd3xa3al","display":"LB_Unique ID","definition":"LB_Unique ID"},{"code":"dCAh9Y9K6aM","display":"LB_University ","definition":"LB_University "},{"code":"ABVa8kNzkh8","display":"Last Name of the client","definition":"client last name"},{"code":"UQNrumJTziw","display":"Leprosy Case Number","definition":"Leprosy Case Number"},{"code":"MGTvCH8utlf","display":"Leprosy Contact Number","definition":"Leprosy Contact Number"},{"code":"gwTNODsqr5L","display":"Leprosy _Current age","definition":"Leprosy _Current age"},{"code":"gRQgNqnWtc1","display":"License Number","definition":"License Number"},{"code":"O99WyJz6onQ","display":"Live alone","definition":"Live alone"},{"code":"UXezg9UjJv2","display":"Live with family","definition":"Live with family"},{"code":"f038nOc9uRF","display":"Location of residence","definition":"The location (coordinates) of the place of residence."},{"code":"vBlHJN5gPSi","display":"Mother s ID number","definition":"Mother s ID number"},{"code":"cUTcjBma2jK","display":"Mothers Date of Birth","definition":"Mothers Date of Birth"},{"code":"YDWk8qQbFOh","display":"Mothers Education Level","definition":"Mothers Education Level"},{"code":"RzPmWr82V3p","display":"Mothers Names","definition":"Mothers Names"},{"code":"IBcgUcOzYgB","display":"Mothers Phone Number","definition":"Mothers Phone Number"},{"code":"lzae3BtWOIZ","display":"NIN","definition":"NIN"},{"code":"aW66s2QSosT","display":"Name/Nom","definition":"Name/Nom"},{"code":"PEhSKbBKoXS","display":"Names","definition":"Names"},{"code":"O7P9OMwtpwL","display":"National ID","definition":"Patient National ID"},{"code":"haL5t4KtUis","display":"National ID (new)","definition":"National ID (new)"},{"code":"eiMG6z23BJh","display":"Next of Kin Firstname","definition":"Next of Kin Firstname"},{"code":"opFwwerYZzV","display":"Next of Kin Lastname","definition":"Next of kin LN"},{"code":"DLC9w54MA59","display":"Next of Kin Telephone","definition":"Next of Kin Phone"},{"code":"ZE2FHgj3EE1","display":"Number of children","definition":"Number of children"},{"code":"ZLdEQatuagP","display":"Number of dependents","definition":"Number of dependents"},{"code":"Ewi7FUfcHAD","display":"Patient Unique ID","definition":"Patient Unique ID"},{"code":"epBHliNRBLh","display":"Phone number","definition":"Phone number"},{"code":"CT6aPmeOhXw","display":"Phone number_FSW","definition":"Phone number_FSW"},{"code":"iCy9QPG9HY9","display":"Place of Bith","definition":"Place of Bith"},{"code":"j0RWl7MZZjF","display":"Place of birth_FSW","definition":"Place of birth_FSW"},{"code":"tbLiYMxG0M1","display":"Place of first commercial sex_District","definition":"Place of first commercial sex_District"},{"code":"GUd2L4V5Qu5","display":"Plate number ","definition":"Plate number "},{"code":"TXDvRJ9wWBv","display":"Pregnancy Number","definition":"Pregnancy Number"},{"code":"xngC89Ip5E7","display":"Program Type","definition":"Program Type"},{"code":"nuqA7EFKonT","display":"Program duration","definition":"Program duration"},{"code":"l9WS5ketbhX","display":"Province of next of kin","definition":"Province of orgin"},{"code":"FBm5ftjnCj2","display":"Province of residence","definition":"Province of residence"},{"code":"bayoL96sEsL","display":"Province of the client","definition":"Province of the client"},{"code":"l70Rt7f0YNE","display":"Register facilityName","definition":"Register facilityName"},{"code":"I0RIIcxm6G3","display":"Registration date","definition":"Registration date"},{"code":"pDx163TL9N2","display":"Relationship","definition":"Relationship patient"},{"code":"ysatfqnP6ZJ","display":"Rwanda nationality ?","definition":"Rwanda nationality ?"},{"code":"wnfbyVsNj4h","display":"Sector Current residence","definition":"Sector Current residence"},{"code":"rXWNI9jQhXs","display":"Sector of Residence","definition":"Sector of Residence"},{"code":"bUnEh0yWeC0","display":"Sector of next of kin","definition":"Sector of orgin"},{"code":"rMxZNZXHIFQ","display":"Sector of residence","definition":"Sector of residence"},{"code":"T4oNeTO7Tk8","display":"Sector of the client","definition":"Sector of the client"},{"code":"CklPZdOd6H1","display":"Sex","definition":"Gender of Person"},{"code":"y1x29lfx2Pl","display":"Sex of the client","definition":"Sex of the client"},{"code":"KIWNuC2w5K7","display":"Site_FSW","definition":"Site_FSW"},{"code":"FIeADYwBKjB","display":"Social Category","definition":"Social Category"},{"code":"JE04bCG3rk2","display":"Staff","definition":"Staff"},{"code":"ldGZfMMlzFZ","display":"Student Registration Number","definition":"Student Registration Number"},{"code":"c18OAOb1qet","display":"TB Case Number","definition":"TB Case Number"},{"code":"BxV3tbviVZq","display":"TB_Current age","definition":"TB_Current age"},{"code":"t71wTbckFTI","display":"Telefone ya Nyina","definition":"Telefone ya Nyina"},{"code":"WamA2Upu9ii","display":"Telefone ya Se Cyangwa Umurera","definition":"Telefone ya Se Cyangwa Umurera"},{"code":"TueBWX6YRtp","display":"Telefoni y'Umujyanama w'ubuzima","definition":"Telefoni y'Umujyanama w'ubuzima"},{"code":"BvHmOeOGIG7","display":"Telephone (new)","definition":"Telephone (new)"},{"code":"pB7G5BZh6bJ","display":"Telephone of the client","definition":"Telephone Number"},{"code":"QyhGvFhiMF3","display":"Twins or More","definition":"Twins or More"},{"code":"zH60KBzMsBo","display":"Ubudehe category","definition":"Ubudehe category"},{"code":"Z5LvDzazkft","display":"Ubwishingizi","definition":"Ubwishingizi"},{"code":"utBUvfIq5Dl","display":"Umudugudu","definition":"Umudugudu"},{"code":"Za5dJxPRUfg","display":"Umujyanama w'ubuzima","definition":"Umujyanama w'ubuzima"},{"code":"HKAjtWQUMCq","display":"Umurenge","definition":"Umurenge"},{"code":"z0JpTH95uHR","display":"Unique Identification Code_FSW","definition":"Unique Identification Code_FSW"},{"code":"O5oZvRUPYIQ","display":"Village Current residence","definition":"Village Current residence"},{"code":"fSGeXjMM7Iw","display":"Village of Residance","definition":"Village of Residance"},{"code":"ZB2q2bG9j4s","display":"Village of Residance (New)","definition":"Village of Residance (New)"},{"code":"frmU1Hjwp6w","display":"Village of next of kin","definition":"Village of orgin"},{"code":"fSS6j77BXyo","display":"Village of residence","definition":"Village of residence"},{"code":"qq0Ly8akdYR","display":"Village of the client","definition":"Village of the client"},{"code":"IYm5bpgSe3Y","display":"Villagecode","definition":"Villagecode"},{"code":"niy3ldrnH1k","display":"Vocation Training Received_FSW","definition":"Vocation Training Received_FSW"},{"code":"t9i9Bc9MNwX","display":"Warranty Duration (in months)","definition":"Warranty Duration (in months)"},{"code":"aH29RtPc19V","display":"Warranty start date","definition":"Warranty start date"},{"code":"cM7Q2YcXhH0","display":"Weight at Birth (Kgs)","definition":"Weight at Birth (Kgs)"},{"code":"OPh3UFCaht4","display":"Year of fabrication","definition":"Year of fabrication"},{"code":"AE6ExmcrLmo","display":"Year started commercial sex","definition":"Year started commercial sex"},{"code":"dx3uJl25IKr","display":"Yigeze avurwa","definition":"Yigeze avurwa"},{"code":"Zf9XyUDtGFC","display":"applicationNumber","definition":"applicationNumber"},{"code":"csE2iyxUvZM","display":"facilityOfficeType","definition":"facilityOfficeType"},{"code":"LS3cqxurOem","display":"notificationDate","definition":"notificationDate"},{"code":"af8cbO1aI9Y","display":"rbf-Mother TRACnet number","definition":"rbf-Mother TRACnet number"},{"code":"C1V9Q8GeV2m","display":"rbf_Did the child took Nevirapine at birth","definition":"rbf_Did the child took Nevirapine at birth"},{"code":"d2g1HtmUlHj","display":"rbf_Does HF have an exposed infant in the period April,May,June 2016","definition":"rbf_Does HF have an exposed infant in the period April,May,June 2016"},{"code":"OBt2GiMHgHy","display":"rbf_Does HF have an exposed infant in the period July,2016-June,2017?","definition":"rbf_Does HF have an exposed infant in the period July,2016-June,2017?"},{"code":"eN57OHpTlQQ","display":"rbf_Does HF have an exposed infant in the period July,2017-June,2018?","definition":"rbf_Does HF have an exposed infant in the period July,2017-June,2018?"},{"code":"MuHGufOGFw9","display":"rbf_Does HF have an exposed infant in the period July,2018-June,2019?","definition":"rbf_Does HF have an exposed infant in the period July,2018-June,2019?"},{"code":"QN0VAPDV8BG","display":"rbf_Does HF have an exposed infant in the period July,2019-June,2020?","definition":"rbf_Does HF have an exposed infant in the period July,2019-June,2020?"},{"code":"tkcL6xyUGjN","display":"rbf_ID","definition":"rbf_ID"},{"code":"Tiz0xDPMXC9","display":"rbf_Patient DoB","definition":"rbf_Patient DoB"},{"code":"QzUggPwl61f","display":"rbf_Patient Tracknet Number","definition":"rbf_Patient Tracknet Number"},{"code":"axUuQMzM1PD","display":"rbf_Patient sex","definition":"rbf_Patient sex"},{"code":"ATMg1kDxkZi","display":"rbf_Regisration date","definition":"rbf_Regisration date"},{"code":"W0p422otuka","display":"rbf_Registration place","definition":"rbf_Registration place"},{"code":"oMCcGOzPpOI","display":"rbf_month of birth ","definition":"rbf_month of birth "},{"code":"C6XGReyQjst","display":"rbf_month of birth old","definition":"rbf_month of birth old"},{"code":"ztFYx9bppif","display":"rbf_order number","definition":"rbf_order number"}]}