{"resourceType":"ValueSet","id":"province-vs","text":{"status":"generated","div":"<div xmlns=\"http://www.w3.org/1999/xhtml\"><ul><li>Include all codes defined in <a href=\"CodeSystem-province-cs.html\"><code>https://dhis2.org/CodeSystem/province-cs</code></a></li></ul></div>"},"url":"https://dhis2.org/ValueSet/province-vs","version":"0.1.0","name":"ProvinceVS","title":"Province","status":"draft","date":"2024-06-24T11:41:15+00:00","publisher":"DHIS2","contact":[{"name":"DHIS2","telecom":[{"system":"url","value":"https://dhis2.org"}]}],"description":"This value set contains concepts corresponding to the options in the 'Province' option set. The option sets 'Mcch_Provinces' and 'TR_Provinces' can also be mapped to this value set.","compose":{"include":[{"system":"https://dhis2.org/CodeSystem/province-cs"}]}}